close_time,open,high,low,close,volume,trade_count,SMA50,SMA100,SMA200,next_two_candles
2022-10-12 19:59:59.999,19154.97,19174.62,18551.22,19147.59,353.815881,7077,,,,Down
2022-10-12 20:59:59.999,19147.95,19155.61,19092.6,19107.0,363.982351,7072,,,,Neutral
2022-10-12 21:59:59.999,19106.98,19111.61,19019.64,19086.66,392.695115,7094,,,,Up
2022-10-12 22:59:59.999,19086.66,19113.73,19035.9,19089.12,370.679433,7358,,,,Neutral
2022-10-12 23:59:59.999,19089.12,19096.78,18540.99,19093.15,461.480172,9879,,,,Down
2022-10-13 00:59:59.999,19093.82,19112.12,18526.78,19090.53,571.373741,13138,,,,Down
2022-10-13 01:59:59.999,19090.53,19507.02,18471.54,19060.49,559.399707,12552,,,,Neutral
2022-10-13 02:59:59.999,19060.44,19842.05,18413.18,19008.91,387.255487,7620,,,,Neutral
2022-10-13 03:59:59.999,19008.91,19037.33,18961.98,19009.83,470.618313,10753,,,,Down
2022-10-13 04:59:59.999,19010.24,19038.9,18846.0,18993.06,504.908344,11430,,,,Neutral
2022-10-13 05:59:59.999,18992.53,19099.0,18368.83,18690.0,440.953766,8582,,,,Neutral
2022-10-13 06:59:59.999,18690.83,18909.35,18482.8,18753.58,424.64365,8656,,,,Neutral
2022-10-13 07:59:59.999,18752.91,20073.96,18210.44,18384.68,478.419207,9575,,,,Neutral
2022-10-13 08:59:59.999,18387.19,18476.56,18118.45,18430.03,458.917245,9539,,,,Neutral
2022-10-13 09:59:59.999,18430.03,18729.61,18000.0,18415.04,546.437042,10614,,,,Up
2022-10-13 10:59:59.999,18414.25,19042.22,17932.81,18953.67,560.419442,11820,,,,Up
2022-10-13 11:59:59.999,18954.36,19191.61,18904.18,19085.37,429.352514,9420,,,,Up
2022-10-13 12:59:59.999,19085.37,19221.64,19067.36,19157.4,416.115488,8949,,,,Neutral
2022-10-13 13:59:59.999,19156.66,19503.6,19143.23,19414.5,412.52042,8982,,,,Neutral
2022-10-13 14:59:59.999,19417.75,19462.98,19320.46,19368.7,401.682213,8054,,,,Up
2022-10-13 15:59:59.999,19368.83,19487.43,17874.02,19382.82,354.239787,7409,,,,Up
2022-10-13 16:59:59.999,19383.63,19433.09,19331.51,19402.19,289.447709,6313,,,,Neutral
2022-10-13 17:59:59.999,19401.53,19454.34,19386.58,19431.34,312.327157,6201,,,,Neutral
2022-10-13 18:59:59.999,19431.12,19440.17,19356.4,19375.42,290.209797,5854,,,,Up
2022-10-13 19:59:59.999,19378.66,19442.95,19339.58,19408.93,361.262269,7371,,,,Neutral
2022-10-13 20:59:59.999,19405.93,19946.64,19395.54,19863.12,417.992891,8797,,,,Down
2022-10-13 21:59:59.999,19860.37,19889.94,17801.07,19828.73,387.131625,7859,,,,Down
2022-10-13 22:59:59.999,19828.73,20030.0,19587.0,19815.62,354.37737,6876,,,,Down
2022-10-13 23:59:59.999,19815.62,20160.57,17742.38,19813.5,357.477981,6911,,,,Down
2022-10-14 00:59:59.999,19813.04,19848.26,19730.64,19806.49,340.704158,7183,,,,Down
2022-10-14 01:59:59.999,19806.49,19829.99,19779.0,19792.12,509.87032,11912,,,,Down
2022-10-14 02:59:59.999,19792.12,20013.0,17737.25,19643.21,447.621952,10045,,,,Neutral
2022-10-14 03:59:59.999,19642.97,20052.49,19559.25,19616.6,376.932772,8531,,,,Up
2022-10-14 04:59:59.999,19617.47,19663.79,19543.93,19647.42,377.420966,9690,,,,Neutral
2022-10-14 05:59:59.999,19647.42,19740.6,19630.35,19687.87,388.168789,10039,,,,Neutral
2022-10-14 06:59:59.999,19687.87,19743.93,19506.91,19597.21,360.456712,8894,,,,Neutral
2022-10-14 07:59:59.999,19597.13,19876.88,19576.35,19800.45,413.960034,9672,,,,Down
2022-10-14 08:59:59.999,19799.8,20000.0,19464.87,19667.96,434.250294,9629,,,,Down
2022-10-14 09:59:59.999,19666.68,19666.68,19342.49,19463.4,459.423029,9972,,,,Down
2022-10-14 10:59:59.999,19463.4,20024.23,19315.66,19358.07,406.721615,10758,,,,Neutral
2022-10-14 11:59:59.999,19359.18,20106.72,19225.73,19303.18,413.738936,10977,,,,Neutral
2022-10-14 12:59:59.999,19303.66,20160.57,19289.11,19362.04,377.18092,9714,,,,Down
2022-10-14 13:59:59.999,19362.77,20404.58,18485.72,19213.85,399.746208,10318,,,,Neutral
2022-10-14 14:59:59.999,19213.85,20297.58,18194.32,19159.48,402.184978,10591,,,,Neutral
2022-10-14 15:59:59.999,19166.7,19215.63,17698.26,19175.21,329.659223,8306,,,,Neutral
2022-10-14 16:59:59.999,19175.68,20297.58,17648.35,19106.42,326.743088,7158,,,,Up
2022-10-14 17:59:59.999,19106.57,19162.2,19087.63,19159.43,309.934475,7172,,,,Up
2022-10-14 18:59:59.999,19158.9,19195.12,19142.32,19179.74,277.324047,6974,,,,Neutral
2022-10-14 19:59:59.999,19179.74,19224.16,19173.25,19200.99,335.350401,7643,,,,Neutral
2022-10-14 20:59:59.999,19200.86,19208.85,17648.35,19173.4,328.813784,7113,0.9947025838547965,,,Up
2022-10-14 21:59:59.999,19173.4,19204.53,19137.43,19197.15,354.956183,7445,0.9958835061648322,,,Neutral
2022-10-14 22:59:59.999,19197.09,19216.21,19156.13,19201.69,327.053265,6597,0.9960211730069608,,,Down
2022-10-14 23:59:59.999,19200.29,19211.11,19178.01,19187.45,329.067887,6579,0.9951784638286137,,,Down
2022-10-15 00:59:59.999,19187.45,19246.05,17627.55,19175.48,360.305151,7386,0.9944685388213996,,,Neutral
2022-10-15 01:59:59.999,19176.1,90000.4,17518.33,19167.43,392.333559,8529,0.9939744728480497,,,Neutral
2022-10-15 02:59:59.999,19167.19,19182.03,17349.38,19170.16,322.356582,7083,0.9940339482627331,,,Neutral
2022-10-15 03:59:59.999,19169.93,19175.71,19042.32,19070.46,379.467912,7736,0.9888539609412627,,,Up
2022-10-15 04:59:59.999,19069.67,19123.34,19067.17,19107.19,380.95778,8031,0.9906575395387002,,,Up
2022-10-15 05:59:59.999,19107.19,19177.76,19094.52,19155.2,371.192873,7659,0.9929970463376676,,,Up
2022-10-15 06:59:59.999,19154.89,19167.54,19140.72,19167.54,352.219907,6679,0.9934570307549813,,,Neutral
2022-10-15 07:59:59.999,19167.32,22266.0,18973.0,19169.18,351.139296,8347,0.9930487653596429,,,Down
2022-10-15 08:59:59.999,19168.59,19181.24,19097.96,19168.17,400.084539,12234,0.9925700822933137,,,Down
2022-10-15 09:59:59.999,19168.17,22266.0,17039.47,19144.88,424.291307,15652,0.990584191180998,,,Down
2022-10-15 10:59:59.999,19144.74,19179.57,19117.99,19128.51,383.375553,17079,0.9890223105034036,,,Down
2022-10-15 11:59:59.999,19128.36,19187.82,19065.67,19126.0,401.029859,13258,0.9881660425641544,,,Neutral
2022-10-15 12:59:59.999,19126.24,19138.0,19096.17,19109.22,356.084875,11017,0.9871404189090762,,,Neutral
2022-10-15 13:59:59.999,19108.02,19136.86,19103.22,19119.39,306.217598,8551,0.9876310655873966,,,Down
2022-10-15 14:59:59.999,19118.72,19124.8,18142.85,19102.95,371.037887,9621,0.986837354003946,,,Down
2022-10-15 15:59:59.999,19102.27,19110.25,16959.33,19094.69,265.803727,6736,0.9867366896774608,,,Down
2022-10-15 16:59:59.999,19094.8,50000.0,19051.45,19069.23,288.069539,7184,0.9857261095883462,,,Neutral
2022-10-15 17:59:59.999,19069.23,19089.24,19045.27,19060.85,335.04264,7667,0.985621009880167,,,Up
2022-10-15 18:59:59.999,19060.95,19127.9,18981.95,19068.37,364.919405,8555,0.986350381873338,,,Up
2022-10-15 19:59:59.999,19068.72,19142.03,19065.25,19140.72,353.868368,8386,0.9903906025008625,,,Neutral
2022-10-15 20:59:59.999,19140.29,19170.61,19109.48,19142.51,353.073368,8298,0.9907220128798503,,,Neutral
2022-10-15 21:59:59.999,19142.52,38597.85,19105.01,19114.4,354.649276,8338,0.9895688660752442,,,Up
2022-10-15 22:59:59.999,19113.92,20529.16,16779.7,19122.59,339.985751,8833,0.9907525362834694,,,Up
2022-10-15 23:59:59.999,19122.63,22266.0,19110.5,19135.42,342.950509,8598,0.9921300280562094,,,Neutral
2022-10-16 00:59:59.999,19135.42,19158.26,19122.99,19150.9,355.77263,8467,0.993617518939613,,,Neutral
2022-10-16 01:59:59.999,19150.74,19154.87,16760.49,19133.73,365.070331,8924,0.9934274196898079,,,Up
2022-10-16 02:59:59.999,19133.95,19148.08,19104.39,19134.38,349.546649,8354,0.9941550104297955,,,Neutral
2022-10-16 03:59:59.999,19134.4,19204.42,19134.13,19165.36,384.013341,9914,0.9964135712129824,,,Down
2022-10-16 04:59:59.999,19165.36,19210.59,19086.01,19140.63,373.713295,8501,0.9956481620050385,,,Neutral
2022-10-16 05:59:59.999,19140.54,19149.85,19073.99,19129.04,349.43071,6857,0.9955502551250279,,,Neutral
2022-10-16 06:59:59.999,19129.25,19185.94,19118.0,19144.64,347.870645,7876,0.99688384236844,,,Down
2022-10-16 07:59:59.999,19144.87,19149.67,19026.78,19133.47,385.103943,7974,0.9968777698654497,,,Neutral
2022-10-16 08:59:59.999,19133.56,19271.83,18932.21,19127.23,373.268271,7993,0.9970409398425353,,,Up
2022-10-16 09:59:59.999,19126.85,19139.83,19022.0,19130.26,358.173344,8318,0.997896110964289,,,Neutral
2022-10-16 10:59:59.999,19130.3,19182.0,19124.87,19154.78,313.526085,7923,0.9997103807590111,,,Down
2022-10-16 11:59:59.999,19154.3,19244.5,19126.1,19139.0,248.428579,6086,0.9992251580325306,,,Neutral
2022-10-16 12:59:59.999,19139.29,19301.28,18851.95,19132.2,221.984551,6566,0.9991057752128042,,,Up
2022-10-16 13:59:59.999,19132.2,19148.77,19118.53,19133.72,230.360912,6405,0.99936202644294,,,Neutral
2022-10-16 14:59:59.999,19133.85,19376.73,19131.05,19376.05,322.004578,7724,1.0120042108793221,,,Down
2022-10-16 15:59:59.999,19375.5,19827.63,17718.17,19329.37,405.809173,8944,1.009444320025231,,,Neutral
2022-10-16 16:59:59.999,19328.76,20085.58,16507.73,19147.58,344.151177,8333,0.9999630671927672,,,Neutral
2022-10-16 17:59:59.999,19147.86,19355.0,19118.94,19300.63,397.352081,8751,1.0078239256023391,,,Down
2022-10-16 18:59:59.999,19301.48,19314.0,19227.05,19262.75,335.569467,7087,1.0056817501326176,,,Down
2022-10-16 19:59:59.999,19262.75,19306.93,19209.78,19229.8,381.94266,7720,1.0038877117520337,,,Neutral
2022-10-16 20:59:59.999,19230.25,19238.37,19174.5,19175.4,354.556305,7241,1.0010523072043755,,,Neutral
2022-10-16 21:59:59.999,19177.0,19212.22,19168.54,19203.17,365.240717,7451,1.002499759022136,,,Neutral
2022-10-16 22:59:59.999,19203.17,20189.25,19160.73,19189.36,378.835426,6385,1.0017621160460728,0.9986366255926578,,Up
2022-10-16 23:59:59.999,19189.04,19236.28,19162.16,19226.74,387.476852,7157,1.0036824949402536,1.000540711439496,,Neutral
2022-10-17 00:59:59.999,19227.0,19282.74,19224.5,19270.9,509.79361,12520,1.005915068110685,1.0027532277896827,,Neutral
2022-10-17 01:59:59.999,19271.88,20223.55,10000.0,19239.55,424.036644,10910,1.0042240195167256,1.0010423050476802,,Neutral
2022-10-17 02:59:59.999,19240.88,19313.81,19233.63,19296.6,384.750308,7995,1.0070744572086514,1.0039022677840392,,Neutral
2022-10-17 03:59:59.999,19295.83,19356.79,19143.82,19260.88,348.251509,7338,1.0051122180524206,1.0019565090111233,,Up
2022-10-17 04:59:59.999,19260.21,19357.99,19119.84,19338.7,387.213242,8959,1.0089957022345977,1.005874870574628,,Up
2022-10-17 05:59:59.999,19338.23,19419.72,19337.12,19397.41,394.570658,9357,1.0117137251470634,1.0087518095731514,,Up
2022-10-17 06:59:59.999,19397.41,19540.35,19373.85,19457.51,397.66231,9564,1.0144776456635343,1.011641269730881,,Up
2022-10-17 07:59:59.999,19457.58,50000.0,19421.07,19517.09,408.313785,9255,1.0172001778906408,1.0144714197892692,,Neutral
2022-10-17 08:59:59.999,19517.09,22266.0,5000.0,19585.08,462.928067,10791,1.020299644605845,1.0176922780496256,,Neutral
2022-10-17 09:59:59.999,19584.66,20529.16,14000.0,19473.5,456.429543,9695,1.0141652325170198,1.011482485679655,,Neutral
2022-10-17 10:59:59.999,19472.63,50000.0,10000.0,19535.58,424.84101,9162,1.0170091142967903,1.014295024205859,,Neutral
2022-10-17 11:59:59.999,19535.41,50000.0,14991.0,19510.63,385.090261,8048,1.01532358473068,1.0124077591268816,,Neutral
2022-10-17 12:59:59.999,19510.56,19535.54,19459.08,19521.59,338.745577,7047,1.0154784914776718,1.0124030378267743,,Neutral
2022-10-17 13:59:59.999,19521.26,19544.89,19447.01,19516.28,339.269923,7066,1.014790235894579,1.011549950675726,,Up
2022-10-17 14:59:59.999,19517.14,19554.25,19486.0,19523.75,339.372915,7130,1.0147412123138146,1.011638211386853,,Neutral
2022-10-17 15:59:59.999,19524.04,19556.16,19510.73,19527.52,289.036156,6004,1.014506753737675,1.0116017953990257,,Down
2022-10-17 16:59:59.999,19527.46,50000.0,11123.76,19515.2,305.370841,6271,1.0134325932825672,1.0107762194943197,,Neutral
2022-10-17 17:59:59.999,19514.77,50000.0,19320.0,19514.27,403.595496,9470,1.0129428784114118,1.0106758239376112,,Up
2022-10-17 18:59:59.999,19514.36,22266.0,19512.26,19549.03,340.820021,7067,1.0142419923203907,1.0123815487181915,,Neutral
2022-10-17 19:59:59.999,19548.92,19611.45,18507.4,19596.72,390.122584,7988,1.0161512225531155,1.0147388562248236,,Down
2022-10-17 20:59:59.999,19595.68,22266.0,16893.09,19534.68,391.619291,8752,1.012444643740626,1.011456968785761,,Neutral
2022-10-17 21:59:59.999,19534.87,22266.0,19482.5,19489.87,366.662611,7563,1.0097567816966397,1.0091062374976003,,Up
2022-10-17 22:59:59.999,19489.64,19573.93,19489.13,19548.59,368.943151,7529,1.0123730437949572,1.0120557790743738,,Neutral
2022-10-17 23:59:59.999,19548.79,19612.81,19300.0,19579.72,332.088655,7078,1.0134967291487536,1.0135777986802574,,Neutral
2022-10-18 00:59:59.999,19579.78,19587.45,19539.09,19553.57,362.698596,7520,1.011691748574678,1.012386327766282,,Up
2022-10-18 01:59:59.999,19553.57,19701.55,19537.62,19643.9,374.069175,8398,1.0158308770947908,1.017160502572222,,Neutral
2022-10-18 02:59:59.999,19643.47,19965.56,19564.11,19665.43,382.724049,8719,1.016403363049875,1.0183545210050147,,Down
2022-10-18 03:59:59.999,19665.51,19671.84,19526.77,19534.2,360.788616,7978,1.009202996009592,1.0117052330494871,,Neutral
2022-10-18 04:59:59.999,19534.17,50000.0,19472.91,19528.53,372.952866,8600,1.0084993406200424,1.0115571987100922,,Up
2022-10-18 05:59:59.999,19528.52,19671.0,19128.38,19529.2,338.827422,7352,1.008155085279579,1.0117296912445943,,Up
2022-10-18 06:59:59.999,19529.29,19610.8,19528.93,19563.25,339.84966,7051,1.0094723759709037,1.0135356702463867,,Neutral
2022-10-18 07:59:59.999,19563.11,23098.6,19399.0,19627.14,386.909396,9742,1.0122487882756195,1.0168401400219347,,Down
2022-10-18 08:59:59.999,19627.14,22266.0,19000.0,19542.57,385.984403,9209,1.0074736569201168,1.012513749517021,,Down
2022-10-18 09:59:59.999,19542.79,19570.98,19369.0,19417.91,405.474723,8831,1.000753593934735,1.0061957654186042,,Neutral
2022-10-18 10:59:59.999,19416.47,19453.18,19287.6,19376.33,421.04152,9631,0.9983543200744254,1.0041561072971865,,Neutral
2022-10-18 11:59:59.999,19374.71,19439.62,19345.85,19413.06,364.593809,8210,0.9999554031467454,1.006261614988764,,Down
2022-10-18 12:59:59.999,19413.13,19435.1,19365.36,19408.75,338.764897,6921,0.99947189879737,1.0061733983673913,,Down
2022-10-18 13:59:59.999,19407.57,19410.43,19179.0,19221.66,369.925723,7515,0.9897532619182468,0.9965993181671758,,Neutral
2022-10-18 14:59:59.999,19221.47,19221.92,19098.53,19215.87,394.612282,7347,0.989369875763321,0.9963725798692447,,Neutral
2022-10-18 15:59:59.999,19215.48,19432.0,19008.12,19365.54,372.5205,7057,0.9968379934857773,1.0041007336372931,,Neutral
2022-10-18 16:59:59.999,19364.72,19377.09,19218.95,19296.34,308.350075,5798,0.9933574509299024,1.0005468066174137,,Up
2022-10-18 17:59:59.999,19296.34,19334.4,19257.79,19322.04,314.242642,5967,0.9946879695215306,1.0018231931108512,,Neutral
2022-10-18 18:59:59.999,19321.1,19369.23,19306.27,19328.8,300.189453,5658,0.9948503493140032,1.002085717139366,,Neutral
2022-10-18 19:59:59.999,19328.43,19356.62,19232.84,19232.84,336.164027,6508,0.9899803865613973,0.9970809593859775,,Neutral
2022-10-18 20:59:59.999,19233.97,19322.83,18449.58,19312.14,365.314271,7293,0.9940116891674273,1.001085313342045,,Down
2022-10-18 21:59:59.999,19313.17,19317.48,19249.58,19291.26,301.50333,5603,0.9928741613424757,0.9999346223347177,,Down
2022-10-18 22:59:59.999,19291.96,19302.4,19256.88,19283.12,285.737268,5018,0.9923451824295589,0.9994591406329255,,Down
2022-10-18 23:59:59.999,19283.12,19306.18,10000.0,19276.27,303.166299,5266,0.9919180395305808,0.9990651180600264,,Down
2022-10-19 00:59:59.999,19277.02,19304.63,18925.0,19255.95,316.984673,5400,0.9908045116834865,0.9979692599585758,,Neutral
2022-10-19 01:59:59.999,19254.54,19278.52,19151.86,19192.54,347.357793,6570,0.9875765419751548,0.9946853155725293,,Neutral
2022-10-19 02:59:59.999,19192.54,19242.6,19172.63,19217.14,339.514165,6115,0.9888970777498902,0.9959522766903082,,Neutral
2022-10-19 03:59:59.999,19217.44,19234.78,19151.49,19195.81,339.545119,5921,0.9878439239730995,0.9948425124771412,,Neutral
2022-10-19 04:59:59.999,19195.1,19279.52,19193.6,19268.15,339.059651,6941,0.991595679628408,0.9985436498313579,,Down
2022-10-19 05:59:59.999,19268.4,19274.45,15000.0,19216.78,316.564446,8286,0.9889969191958393,0.9958560058956261,,Down
2022-10-19 06:59:59.999,19216.89,19218.67,19147.15,19200.89,353.282123,11834,0.9883193276445839,0.9950167053747363,,Down
2022-10-19 07:59:59.999,19201.16,19201.77,19103.77,19163.71,367.785359,9884,0.986642946513402,0.9930419990886716,,Neutral
2022-10-19 08:59:59.999,19164.07,19234.93,18827.51,19124.72,413.828329,7505,0.9849730720127782,0.9910125787272567,,Up
2022-10-19 09:59:59.999,19124.13,19307.01,19103.05,19154.93,428.008969,7356,0.9868971217688147,0.9925781517593545,,Neutral
2022-10-19 10:59:59.999,19153.96,19299.96,18796.76,19266.24,345.623716,6152,0.9929582480018858,0.9982950021879208,,Neutral
2022-10-19 11:59:59.999,19266.16,19277.79,19171.3,19177.93,344.76094,9648,0.9887080855169935,0.993714646424411,,Up
2022-10-19 12:59:59.999,19177.03,19307.01,19103.52,19183.07,368.320998,13039,0.9893326676124712,0.9939733042740254,,Up
2022-10-19 13:59:59.999,19182.23,19215.02,19165.14,19186.77,308.598495,8557,0.9898541493535556,0.9941434420223331,,Neutral
2022-10-19 14:59:59.999,19187.27,19228.6,19153.07,19228.56,339.26182,7269,0.9923101403401918,0.9962571035070363,,Neutral
2022-10-19 15:59:59.999,19228.69,19271.22,19135.78,19194.87,287.481867,5113,0.9909002476704704,0.9944760947362321,,Neutral
2022-10-19 16:59:59.999,19194.61,19208.0,19156.64,19194.92,229.319022,3833,0.9912393595601365,0.9944345316024943,,Down
2022-10-19 17:59:59.999,19196.05,19197.69,19000.01,19141.89,296.532173,4894,0.988894713641836,0.9916756376647761,,Down
2022-10-19 18:59:59.999,19140.98,19159.66,19086.71,19123.55,284.673714,4689,0.9883471930186193,0.9907149321349482,,Neutral
2022-10-19 19:59:59.999,19123.82,19269.79,18796.76,18973.22,351.492077,5803,0.9811265055008171,0.982988792063051,,Up
2022-10-19 20:59:59.999,18972.67,19052.49,18931.15,19046.3,357.041979,5975,0.985417907258228,0.9867867368501416,,Neutral
2022-10-19 21:59:59.999,19047.19,19080.32,19015.39,19062.4,301.208721,4950,0.9867964825020668,0.9876200829920226,,Neutral
2022-10-19 22:59:59.999,19062.63,19063.3,19014.84,19046.18,286.682549,4644,0.9864557374978147,0.9867910719742835,,Neutral
2022-10-19 23:59:59.999,19046.18,19199.85,19038.56,19178.06,332.824439,5684,0.9936071027857687,0.9936046112393977,,Down
2022-10-20 00:59:59.999,19178.06,19190.77,10000.0,19140.21,336.630208,5591,0.9920659129239197,0.9916448054733386,,Neutral
2022-10-20 01:59:59.999,19141.2,19142.45,9962.57,19132.98,317.684918,5597,0.9921506402046283,0.9912606806727342,,Neutral
2022-10-20 02:59:59.999,19132.98,19165.99,19096.56,19145.7,387.939312,5733,0.9932303850629755,0.9919078150592937,,Neutral
2022-10-20 03:59:59.999,19145.76,19163.73,19107.04,19113.3,272.085641,4515,0.9920957273625662,0.9902405715259931,,Up
2022-10-20 04:59:59.999,19113.1,19191.41,19107.24,19186.23,350.173794,5392,0.9963769000289178,0.9940008061122454,,Up
2022-10-20 05:59:59.999,19186.09,19249.99,19068.37,19202.52,351.953541,6213,0.9975665272410992,0.9948093051886564,,Neutral
2022-10-20 06:59:59.999,19203.12,19229.16,19056.37,19209.14,355.474016,6226,0.9982416959955517,0.9951137210770082,,Neutral
2022-10-20 07:59:59.999,19207.98,19475.9,19000.0,19136.54,386.190799,10837,0.9948749063808892,0.9913675387859402,,Up
2022-10-20 08:59:59.999,19135.82,19215.2,19130.34,19172.57,373.995139,11700,0.9971531012333802,0.9932176369341399,,Neutral
2022-10-20 09:59:59.999,19172.8,19339.68,19171.03,19325.67,400.605945,13548,1.0054310226226986,1.001046874843632,,Down
2022-10-20 10:59:59.999,19325.62,19354.82,19249.4,19254.29,360.76031,7761,1.0020179945024836,0.9972928315267995,,Down
2022-10-20 11:59:59.999,19254.29,19302.41,18984.89,19184.19,430.20668,8525,0.9986128247559914,0.9936358368908438,,Down
2022-10-20 12:59:59.999,19182.68,19354.82,9557.8,19098.12,443.539892,9554,0.9944205640256765,0.9891927973335698,,Down
2022-10-20 13:59:59.999,19098.12,19234.64,18699.0,19063.36,413.939699,8802,0.9929722560675563,0.9874266081826393,,Down
2022-10-20 14:59:59.999,19063.36,19377.99,18960.07,19062.95,400.287514,6868,0.9933087301150019,0.9874523398115705,,Neutral
2022-10-20 15:59:59.999,19061.71,19123.42,18917.56,19030.56,367.33203,5921,0.991818514581435,0.9858299276881615,,Neutral
2022-10-20 16:59:59.999,19031.07,19497.09,18995.9,19073.07,301.198481,4787,0.9941819951335561,0.9880623156332632,,Neutral
2022-10-20 17:59:59.999,19072.86,19092.73,19001.8,19035.07,327.6534,5068,0.9925431940591,0.986144158245181,,Up
2022-10-20 18:59:59.999,19034.9,19088.84,9507.83,19042.49,349.804066,5002,0.993193021507401,0.9866990719002876,,Up
2022-10-20 19:59:59.999,19042.94,90000.0,15234.18,19047.58,450.978456,7138,0.9937430060689674,0.9871069423775329,,Up
2022-10-20 20:59:59.999,19047.62,19071.95,19023.44,19064.55,302.98462,4967,0.9949026798869819,0.9880288961507055,,Neutral
2022-10-20 21:59:59.999,19064.22,19120.82,19060.39,19110.4,296.401462,4870,0.9974228719110576,0.9905027443089709,,Down
2022-10-20 22:59:59.999,19109.63,22266.0,19044.25,19052.39,300.625263,4958,0.9946648692760315,0.9876037326841781,,Down
2022-10-20 23:59:59.999,19051.77,19079.96,19025.81,19047.04,286.062108,4586,0.9946391947762225,0.987419953028417,,Down
2022-10-21 00:59:59.999,19046.96,19064.14,19028.16,19044.1,302.693576,4784,0.9947339861596896,0.9873347454295879,,Down
2022-10-21 01:59:59.999,19043.91,19071.4,19030.06,19036.98,317.920004,7217,0.994610716260697,0.9870506564085602,,Down
2022-10-21 02:59:59.999,19036.97,19084.1,18995.53,19028.01,335.085902,9458,0.994378908793365,0.9866681130324488,0.9884507219678614,Neutral
2022-10-21 03:59:59.999,19027.56,19040.69,18952.74,18981.66,352.477832,25144,0.9921754000992046,0.9843898039369681,0.9860854702319051,Neutral
2022-10-21 04:59:59.999,18980.39,19054.95,18914.13,19011.85,368.139367,24016,0.9939667540488073,0.9860879332543283,0.9876782324031762,Down
2022-10-21 05:59:59.999,19013.35,19017.22,18958.03,19004.1,303.313666,18285,0.9937607797167944,0.9858063514270555,0.9872967875675114,Down
2022-10-21 06:59:59.999,19004.0,19165.57,18941.58,18945.54,331.468565,11230,0.9910329376062506,0.9829476492282389,0.9842912017410896,Neutral
2022-10-21 07:59:59.999,18945.47,18946.91,18670.21,18879.81,464.60726,21406,0.9879429144931619,0.9797310952535033,0.9809306462220514,Neutral
2022-10-21 08:59:59.999,18879.81,19274.7,18856.85,19064.56,502.503612,33668,0.9977528715561228,0.9894590980009325,0.9905363099076151,Neutral
2022-10-21 09:59:59.999,19064.56,19126.53,18938.38,18975.98,455.10286,27814,0.993312179502588,0.9850772168769281,0.9859556097231308,Neutral
2022-10-21 10:59:59.999,18977.27,19165.41,18950.0,19163.72,388.359062,6923,1.0030986171106795,0.9949748828773003,0.9956701768579798,Neutral
2022-10-21 11:59:59.999,19163.72,19224.73,18785.04,19128.01,398.139865,7442,1.001257643431862,0.993321489957568,0.9937843182366093,Neutral
2022-10-21 12:59:59.999,19126.29,19172.39,19091.0,19150.32,353.86153,6149,1.002547128665052,0.9947046290582732,0.99490277742627,Neutral
2022-10-21 13:59:59.999,19149.71,19365.8,18698.59,19140.73,343.402832,6030,1.0020841088631032,0.9943783814134348,0.9942881415682656,Neutral
2022-10-21 14:59:59.999,19140.74,19243.73,19137.28,19187.65,337.936653,5854,1.0045357175084304,0.996996128058435,0.9966130975710669,Down
2022-10-21 15:59:59.999,19187.01,19385.74,18592.2,19179.02,317.586141,5501,1.0040920569736496,0.9967194509418722,0.9959593945093532,Neutral
2022-10-21 16:59:59.999,19178.8,19220.5,17944.78,19153.99,253.787343,4492,1.0028599482156653,0.9956088605138889,0.9944726600234693,Neutral
2022-10-21 17:59:59.999,19154.2,19191.21,19153.95,19189.51,245.968316,4298,1.004725335007227,0.9976246102256763,0.9961165826479618,Neutral
2022-10-21 18:59:59.999,19189.6,19192.06,19160.17,19161.98,233.104984,4025,1.003318525826248,0.9963807764263446,0.9946337398226903,Neutral
2022-10-21 19:59:59.999,19161.63,19178.87,19148.07,19164.55,249.038046,4175,1.0034292797957427,0.9967025248245736,0.994746697973955,Down
2022-10-21 20:59:59.999,19164.52,19183.08,19148.02,19156.2,271.402879,4532,1.0029577940645895,0.9964543065734863,0.9943135962112168,Neutral
2022-10-21 21:59:59.999,19155.94,19164.27,19120.48,19127.96,265.355704,4294,1.001316990055354,0.995185317909982,0.9929216214775168,Neutral
2022-10-21 22:59:59.999,19128.0,19159.08,19114.15,19150.33,277.979123,4525,1.002378847409184,0.9965558997132551,0.9941391807104315,Down
2022-10-21 23:59:59.999,19150.43,19162.79,19030.14,19148.17,239.675473,3891,1.002175803376151,0.9966761395690442,0.9940875960688315,Neutral
2022-10-22 00:59:59.999,19148.07,19156.15,19138.2,19140.67,258.706058,4103,1.0016841939913652,0.9964901243684431,0.9937656910609663,Up
2022-10-22 01:59:59.999,19140.09,19149.88,19133.54,19144.02,268.46437,4230,1.0018952044250313,0.9968440161784947,0.9940137603625626,Neutral
2022-10-22 02:59:59.999,19144.08,19173.99,19144.03,19162.7,255.167623,4156,1.0028492081271296,0.9980172358290662,0.9950386320852745,Down
2022-10-22 03:59:59.999,19163.07,19178.84,19152.94,19154.81,212.793852,3513,1.002413393711298,0.9978271323791656,0.9946945643723363,Neutral
2022-10-22 04:59:59.999,19155.01,19173.12,19142.03,19142.73,186.822356,3028,1.001784334785881,0.9974113156203374,0.9942532308375008,Up
2022-10-22 05:59:59.999,19142.24,19170.84,19141.16,19167.14,204.725167,3346,1.0030052469763724,0.9989313175501393,0.9956921318207895,Up
2022-10-22 06:59:59.999,19167.3,19187.59,19159.17,19178.76,227.433383,3701,1.003621161118027,0.999790499591227,0.9964605982201548,Up
2022-10-22 07:59:59.999,19178.67,19201.89,19107.7,19182.58,264.34501,4295,1.0038420103646197,1.0001729680681257,0.996822452984337,Up
2022-10-22 08:59:59.999,19182.37,19419.58,19182.14,19194.77,297.178575,5127,1.0044950317588033,1.0009827426838602,0.9976144670747356,Neutral
2022-10-22 09:59:59.999,19194.77,20733.66,9600.55,19235.27,313.370567,5521,1.006510458854744,1.0032485446437276,0.9998640702967089,Down
2022-10-22 10:59:59.999,19236.12,60000.0,9611.15,19234.68,337.828931,5952,1.0064141696933457,1.0033897244088326,0.9999395737405801,Down
2022-10-22 11:59:59.999,19234.92,22266.0,19172.99,19193.66,284.68639,4757,1.0044066361381088,1.0014763506828452,0.9979168026744935,Neutral
2022-10-22 12:59:59.999,19193.63,19208.31,19145.51,19148.74,241.181956,4139,1.0021666751468283,0.9993378937765852,0.9957104027267517,Up
2022-10-22 13:59:59.999,19148.74,19178.68,18000.0,19169.43,259.203104,4332,1.0032650050645717,1.0005474154024403,0.996920632780722,Up
2022-10-22 14:59:59.999,19170.21,19187.37,18812.0,19183.45,225.098099,3800,1.0039090988255015,1.0013800011299254,0.9977571016197595,Neutral
2022-10-22 15:59:59.999,19183.5,19221.99,19174.96,19216.78,227.12309,3734,1.0054918682680798,1.0032226226707153,0.99964237289757,Down
2022-10-22 16:59:59.999,19216.36,19221.76,19191.25,19202.71,220.244361,3778,1.0046087455716346,1.0025959340938624,0.9990313546821332,Neutral
2022-10-22 17:59:59.999,19201.94,19208.06,19185.21,19193.88,240.805954,4005,1.0039752311474672,1.002149444911779,0.9986419835726114,Neutral
2022-10-22 18:59:59.999,19193.88,19206.91,19191.08,19204.66,250.746917,3849,1.00440083362195,1.0027181583417586,0.9992427369818557,Down
2022-10-22 19:59:59.999,19204.14,19220.14,19192.89,19195.61,267.287206,4318,1.0037589644017357,1.0023345690228078,0.9987998054694315,Neutral
2022-10-22 20:59:59.999,19195.21,19203.71,19161.59,19179.89,358.6506,5121,1.0027928516207425,1.0015746221968882,0.998029146510447,Up
2022-10-22 21:59:59.999,19179.5,19211.86,19175.98,19195.47,324.032843,5079,1.0034522512494675,1.0024544675518134,0.9988446312192787,Neutral
2022-10-22 22:59:59.999,19195.47,19201.19,19185.64,19196.82,269.911896,4870,1.0033840656224036,1.0025940726251863,0.9989051746770434,Down
2022-10-22 23:59:59.999,19196.89,19220.2,19173.93,19186.03,276.936121,4935,1.0027408136364007,1.0020550400511152,0.9983409073689125,Down
2022-10-23 00:59:59.999,19185.74,19195.25,19170.7,19179.23,238.265131,4582,1.002252535429691,1.0017694266990742,0.997968166071442,Down
2022-10-23 01:59:59.999,19178.79,19187.71,19163.6,19176.59,233.235528,4456,1.0019789101632637,1.0016915299756215,0.997826342051074,Neutral
2022-10-23 02:59:59.999,19177.07,19177.86,19149.97,19162.52,229.584177,4034,1.0011198633958287,1.001019641591201,0.9970986968835118,Neutral
2022-10-23 03:59:59.999,19162.37,19184.33,19151.1,19184.07,229.404707,3625,1.0020917020883338,1.002193648871682,0.9982244194758068,Down
2022-10-23 04:59:59.999,19184.07,19187.26,19177.83,19183.84,178.930477,2909,1.0019165783636754,1.0022193879985912,0.998209740336002,Down
2022-10-23 05:59:59.999,19183.53,19186.97,19165.26,19169.93,174.868287,2951,1.000993247923425,1.001504519184179,0.9974930130419617,Neutral
2022-10-23 06:59:59.999,19169.93,19170.49,19131.9,19151.33,262.18936,4686,0.9998763685216296,1.0005671907691607,0.9965382327798736,Up
2022-10-23 07:59:59.999,19151.33,19156.95,19080.22,19151.86,273.91549,5109,0.999749789279476,1.00061785678523,0.996575039199061,Up
2022-10-23 08:59:59.999,19151.88,19180.0,19142.36,19175.92,247.885408,4490,1.0007650436029762,1.0019231874599155,0.997826897125262,Up
2022-10-23 09:59:59.999,19175.92,19203.75,19174.53,19187.4,244.788864,4576,1.0010427802863702,1.0025383960360645,0.9984190761328682,Neutral
2022-10-23 10:59:59.999,19187.63,19255.43,19179.16,19189.81,239.801187,4209,1.001037688341446,1.002670122866658,0.9985393758388577,Neutral
2022-10-23 11:59:59.999,19189.65,19202.84,19170.61,19178.5,214.378407,3662,1.000236362134327,1.0020714300612923,0.9979228105444233,Neutral
2022-10-23 12:59:59.999,19178.28,20179.24,19073.15,19471.22,322.126731,6247,1.0151772788884823,1.017181814772903,1.0130580858576095,Neutral
2022-10-23 13:59:59.999,19475.39,19524.89,19401.57,19438.67,400.656118,8424,1.0131520089677175,1.0153308949517343,1.011289983530973,Neutral
2022-10-23 14:59:59.999,19438.67,19520.51,19438.21,19498.73,321.965206,6052,1.015913397359914,1.0183443175884872,1.014327199440315,Neutral
2022-10-23 15:59:59.999,19498.73,19520.17,19442.84,19495.97,318.68902,6209,1.0153937280132883,1.0180310781826776,1.0140974271675132,Up
2022-10-23 16:59:59.999,19496.24,19581.79,19415.5,19538.39,318.293932,6016,1.0172314145903727,1.0200568844997002,1.016206088347895,Neutral
2022-10-23 17:59:59.999,19537.98,19687.58,19537.98,19593.31,379.485613,7455,1.0196508639121058,1.0227070731787715,1.0189436930810636,Down
2022-10-23 18:59:59.999,19592.14,19607.2,19522.78,19570.47,341.580557,6401,1.0180209623428473,1.021332626395384,1.017638959338097,Down
2022-10-23 19:59:59.999,19570.45,19590.26,19497.39,19518.79,359.619731,6425,1.0149849562832607,1.0184634130705696,1.0148480274594969,Neutral
2022-10-23 20:59:59.999,19518.37,19526.73,19336.74,19412.5,381.692226,6625,1.0091948949071095,1.0128023644830524,1.009242078772809,Neutral
2022-10-23 21:59:59.999,19412.5,19467.0,19392.28,19415.93,328.774908,5620,1.009109459770035,1.0128365074834156,1.0093425973462617,Down
2022-10-23 22:59:59.999,19416.11,19434.4,19346.09,19392.24,345.190831,5923,1.0076309851588894,1.0114589442384296,1.00803526769842,Down
2022-10-23 23:59:59.999,19392.26,19392.26,19277.0,19335.7,323.786173,5521,1.0044762850773692,1.0083193004199686,1.0050332854089892,Down
2022-10-24 00:59:59.999,19335.32,19353.95,19300.17,19335.22,304.866673,5162,1.0042584332103337,1.0081423763855668,1.0049388661999155,Neutral
2022-10-24 01:59:59.999,19334.1,19363.91,19293.66,19293.66,306.044916,5264,1.0019484069840534,1.0058541440432602,1.002718139565119,Up
2022-10-24 02:59:59.999,19295.45,19378.56,19222.96,19324.63,434.226617,8315,1.0033650158025358,1.0073225016855056,1.0042608185489887,Up
2022-10-24 03:59:59.999,19323.73,19342.19,19222.96,19340.17,333.135029,7942,1.0039673805040406,1.0080473631737714,1.005016315041493,Up
2022-10-24 04:59:59.999,19340.03,19437.9,19131.27,19382.8,402.365427,8856,1.0059504740918137,1.0101415969115604,1.0071687114581414,Up
2022-10-24 05:59:59.999,19382.76,19443.49,18984.84,19402.87,390.078886,8299,1.0067328740868375,1.0110453444655818,1.0081360313045193,Neutral
2022-10-24 06:59:59.999,19402.05,19442.0,18934.75,19422.96,327.806685,9424,1.007482284396687,1.0119459941811553,1.0091011258517117,Down
2022-10-24 07:59:59.999,19422.87,19449.38,18860.9,19372.7,365.366731,10619,1.0046610189180605,1.0091910320165642,1.0064278816291359,Down
2022-10-24 08:59:59.999,19372.8,19400.69,19215.45,19349.94,409.422169,13110,1.0033025607990274,1.0079194272024574,1.0051935107144687,Neutral
2022-10-24 09:59:59.999,19349.94,19353.31,19160.75,19277.34,408.937318,10636,0.9994400082471401,1.004098631550784,1.0013847222871153,Neutral
2022-10-24 10:59:59.999,19277.43,19306.27,19246.7,19302.16,327.140073,7932,1.0006153873588934,1.005342720482144,1.002630334883054,Neutral
2022-10-24 11:59:59.999,19302.25,19317.07,19255.07,19273.26,301.8057,6634,0.9990778728422478,1.0037660013183098,1.0011011002611303,Up
2022-10-24 12:59:59.999,19272.79,19298.95,19224.3,19287.04,287.438125,4973,0.9997379237590358,1.0044237935947185,1.0017787756266188,Up
2022-10-24 13:59:59.999,19285.52,19379.32,18860.9,19333.87,311.248695,5461,1.0020196943024353,1.0068582904711336,1.0041577338603405,Up
2022-10-24 14:59:59.999,19333.87,19610.67,18853.71,19341.5,326.718245,5665,1.0022148889456364,1.0072098970955028,1.0045026663880972,Neutral
2022-10-24 15:59:59.999,19341.5,19379.21,19303.32,19378.62,257.511754,4448,1.0039206878919247,1.0090407586364927,1.0063664324373274,Down
2022-10-24 16:59:59.999,19378.92,19418.26,19332.96,19367.0,251.722209,4544,1.0031279338720995,1.0082945410833586,1.0057003717095472,Down
2022-10-24 17:59:59.999,19365.84,19373.6,18853.71,19358.23,267.827344,4519,1.002526784931175,1.0076832566936458,1.0051854605633348,Down
2022-10-24 18:59:59.999,19358.23,19626.64,18822.58,19330.13,242.359403,4112,1.0009394372229194,1.0060805999110534,1.0036806612326266,Down
2022-10-24 19:59:59.999,19330.13,19338.12,18804.43,19308.79,287.008259,5014,0.9997154541432748,1.0048244012922947,1.0025284302636932,Neutral
2022-10-24 20:59:59.999,19308.92,19354.66,18697.45,19297.62,325.74714,5518,0.999040957706623,1.0041257800482906,1.0019054490301509,Up
2022-10-24 21:59:59.999,19297.98,19315.54,19276.93,19310.65,246.613603,4152,0.9995964582202572,1.0046597160913682,1.0025359021474207,Neutral
2022-10-24 22:59:59.999,19310.65,19361.25,19307.74,19342.41,254.730107,4420,1.0010720487365907,1.006155070771537,1.0041935301367122,Down
2022-10-24 23:59:59.999,19342.33,19372.56,19330.96,19341.13,224.977824,3694,1.0008548995562103,1.0059348822955139,1.0041240115086345,Down
2022-10-25 00:59:59.999,19341.17,19360.0,19297.19,19336.97,263.389947,4402,1.0004945100669556,1.0055760440410646,1.0038586867746047,Down
2022-10-25 01:59:59.999,19337.0,19386.65,19322.33,19329.32,279.804462,4545,0.9999504300977934,1.00506380187997,1.0034540722004996,Down
2022-10-25 02:59:59.999,19329.47,19337.21,19274.49,19306.12,278.694236,4711,0.9986191354637626,1.0037250518348033,1.0022383946410678,Down
2022-10-25 03:59:59.999,19306.79,19322.24,19272.9,19297.0,303.009704,4817,0.9980230795565329,1.0031205433795392,1.0017474749365605,Neutral
2022-10-25 04:59:59.999,19296.75,19302.9,19259.0,19266.65,353.739685,5138,0.9963460888979637,1.0014269983230122,1.0001482548034197,Up
2022-10-25 05:59:59.999,19266.13,19307.47,19242.36,19296.64,334.399955,6371,0.9977808076298248,1.002850446525192,1.0016807600004844,Up
2022-10-25 06:59:59.999,19296.82,19343.39,19110.32,19301.26,275.133724,6075,0.9978985215449236,1.002948121639252,1.001891483974294,Up
2022-10-25 07:59:59.999,19301.56,19359.0,19095.61,19328.1,393.760044,8954,0.9991227739160417,1.0041620347542588,1.0032583042955452,Up
2022-10-25 08:59:59.999,19328.23,19532.11,19233.68,19477.24,560.760498,11856,1.006493100137383,1.0116657696729443,1.010945534422035,Up
2022-10-25 09:59:59.999,19477.36,19547.92,19446.8,19489.88,404.044154,10216,1.0067945568456185,1.0120669395892383,1.011535885244061,Up
2022-10-25 10:59:59.999,19490.3,19826.83,19488.95,19742.44,549.691841,11879,1.0192445625970363,1.0247577714156868,1.0245253589997976,Up
2022-10-25 11:59:59.999,19742.44,19857.48,19723.13,19811.43,407.09605,10645,1.022147707420591,1.0278417564384799,1.0279587183727692,Up
2022-10-25 12:59:59.999,19812.16,20186.32,19811.19,20117.59,469.170488,11583,1.0369509470454987,1.0431558177598788,1.043633600373599,Neutral
2022-10-25 13:59:59.999,20117.89,20407.82,20080.85,20278.97,434.651646,11271,1.044084721254813,1.0508138720673699,1.0517649588911078,Down
2022-10-25 14:59:59.999,20273.41,20409.52,20133.56,20270.42,409.345289,10860,1.042786350529479,1.0497688192318095,1.0510999354014727,Neutral
2022-10-25 15:59:59.999,20269.68,20291.52,20018.47,20181.99,406.289203,10602,1.0374437603371103,1.0446189954777894,1.0463341210705819,Neutral
2022-10-25 16:59:59.999,20181.99,20263.28,20100.97,20225.6,319.455106,9519,1.038909144576338,1.0462939172852452,1.0484210006642876,Neutral
2022-10-25 17:59:59.999,20225.6,20232.41,19985.74,20063.07,318.721812,8859,1.0299605722016527,1.0373910725723283,1.0398371478594364,Up
2022-10-25 18:59:59.999,20063.07,20131.1,19894.47,20080.46,315.045726,8852,1.030279899600087,1.0378111526110063,1.0405915111085147,Up
2022-10-25 19:59:59.999,20080.46,20174.02,19894.47,20162.29,356.69345,9540,1.033874761344864,1.0415110679415236,1.0446556429275577,Neutral
2022-10-25 20:59:59.999,20161.91,20286.79,20085.54,20233.25,330.920555,8718,1.03680868766587,1.0445942368920362,1.0481390083594568,Neutral
2022-10-25 21:59:59.999,20232.45,20298.0,20174.38,20210.73,342.324274,8686,1.0349207967006708,1.0428817432001987,1.0467841218580518,Neutral
2022-10-25 22:59:59.999,20210.73,20313.78,20182.76,20250.54,328.035528,8173,1.036070108017431,1.0443493427130766,1.0486486491244993,Down
2022-10-25 23:59:59.999,20250.54,20302.4,20185.99,20203.52,322.290071,9443,1.0328320805797477,1.041366477641412,1.0460306920431712,Neutral
2022-10-26 00:59:59.999,20203.53,20229.38,20130.79,20186.66,330.246927,9315,1.0311326496676425,1.0399450941779464,1.0449761300049434,Up
2022-10-26 01:59:59.999,20186.33,20240.05,20169.91,20216.4,355.215508,10174,1.0317235022657663,1.0408935377277724,1.046325491290328,Up
2022-10-26 02:59:59.999,20216.4,20378.95,20199.79,20345.79,488.2544,11524,1.037256892254713,1.0469111279980257,1.0528051609325233,Neutral
2022-10-26 03:59:59.999,20344.77,20775.72,20283.92,20668.22,441.152828,11439,1.0522200971349485,1.0626708829524134,1.0691930862700725,Neutral
2022-10-26 04:59:59.999,20668.63,20715.74,20544.54,20594.45,388.642304,10371,1.0471106200047817,1.058087057700156,1.0650849141132177,Neutral
2022-10-26 05:59:59.999,20595.51,20682.73,20544.54,20666.62,353.015063,9665,1.0493646197971436,1.0609649950528204,1.068492204196063,Down
2022-10-26 06:59:59.999,20666.62,20742.1,20575.33,20607.89,353.335823,9226,1.0450823697973721,1.057165633930848,1.0651641032633112,Neutral
2022-10-26 07:59:59.999,20606.54,20778.83,20464.65,20548.84,385.131929,10703,1.0408779650360753,1.0533831236949263,1.0618460290186398,Up
2022-10-26 08:59:59.999,20548.84,20608.36,20356.26,20553.52,430.505069,11222,1.0399239539493879,1.0528615970198558,1.0618135361310577,Up
2022-10-26 09:59:59.999,20553.52,21011.69,20551.92,20832.6,454.647045,13433,1.052489417410535,1.0662479157275675,1.0759007110756735,Neutral
2022-10-26 10:59:59.999,20832.6,20936.14,20787.53,20838.05,370.5009,10566,1.0511841724227664,1.0656218735818237,1.0758564071766492,Neutral
2022-10-26 11:59:59.999,20838.05,20990.24,20655.9,20760.48,393.91599,12075,1.0457063760048937,1.060799107551337,1.071512314572494,Neutral
2022-10-26 12:59:59.999,20760.48,20992.32,20669.3,20821.68,379.20815,11055,1.0471860262781445,1.0630425361703204,1.074312518424237,Neutral
2022-10-26 13:59:59.999,20821.73,20865.21,20452.7,20696.87,361.369486,10276,1.0394205468010163,1.055882497257938,1.0675512554644355,Neutral
2022-10-26 14:59:59.999,20695.65,20787.39,20641.36,20760.2,331.961026,9709,1.0410606199345944,1.058289741748695,1.0704873828988453,Down
2022-10-26 15:59:59.999,20764.27,20838.87,20585.1,20744.31,321.46417,9474,1.038794321938141,1.0566444709614686,1.0693600156114744,Neutral
2022-10-26 16:59:59.999,20745.25,20761.18,20585.1,20740.0,260.917672,7610,1.0371258655950488,1.05556935978563,1.068807965536148,Neutral
2022-10-26 17:59:59.999,20740.0,21017.56,20541.92,20817.34,354.780241,10109,1.0394976074318736,1.0586177327641522,1.0724068804639741,Down
2022-10-26 18:59:59.999,20817.34,21028.96,20452.7,20770.85,361.26334,9298,1.035724077283655,1.055401633448942,1.069627740620635,Down
2022-10-26 19:59:59.999,20769.25,21198.69,20067.53,20754.53,455.138126,11227,1.0334711721141083,1.0537490332947403,1.0684182787913226,Down
2022-10-26 20:59:59.999,20754.53,22000.0,19840.69,20724.69,435.495004,10759,1.0305540141353051,1.051421521598893,1.0665209047425215,Neutral
2022-10-26 21:59:59.999,20724.55,22000.0,19417.56,20684.65,412.100452,9965,1.0271575109654953,1.0485971165539902,1.0640598397049164,Up
2022-10-26 22:59:59.999,20684.25,40654.9,19374.12,20754.75,439.24584,10991,1.0291491882748947,1.0513246569105905,1.0672434927977925,Up
2022-10-26 23:59:59.999,20754.75,22266.0,19176.12,20800.8,365.735995,9106,1.0299106128414754,1.0528012673620117,1.0692169003720857,Neutral
2022-10-27 00:59:59.999,20801.72,22266.0,19044.46,20801.22,372.376955,9426,1.0284457135423386,1.0519592747940971,1.0688250953799157,Down
2022-10-27 01:59:59.999,20801.22,20842.7,20663.49,20720.32,368.381874,9118,1.0230506640933061,1.0470605623412657,1.0642858945195708,Down
2022-10-27 02:59:59.999,20718.98,20767.86,20663.49,20712.27,330.340726,8804,1.021266231139179,1.0458528543904746,1.063494546280359,Down
2022-10-27 03:59:59.999,20711.23,20813.6,20622.85,20709.01,319.235122,8533,1.0197180854343024,1.0448847065467517,1.0629243330637426,Down
2022-10-27 04:59:59.999,20708.68,20709.0,20533.85,20611.12,339.609038,9019,1.0135953070087609,1.0391948265934714,1.057547420606139,Neutral
2022-10-27 05:59:59.999,20610.71,20621.37,20370.39,20547.87,378.210013,9825,1.0092431996504623,1.035290029761401,1.053962314269063,Up
2022-10-27 06:59:59.999,20548.21,20630.8,20532.71,20621.85,332.621009,9071,1.01153024350764,1.0382540598372691,1.0573939289000371,Neutral
2022-10-27 07:59:59.999,20622.48,20769.6,20370.39,20724.32,430.171119,11635,1.0151347474563122,1.0426046328702367,1.0622537623956267,Neutral
2022-10-27 08:59:59.999,20722.24,20741.1,20306.96,20525.65,435.921674,11362,1.0041988222718208,1.0319133052156042,1.0517284223661698,Neutral
2022-10-27 09:59:59.999,20524.35,20783.57,20248.9,20569.88,476.816807,11949,1.0051414285729923,1.0334096091537657,1.0536229602839196,Neutral
2022-10-27 10:59:59.999,20568.28,20660.27,20541.33,20563.35,385.048863,10480,1.00375690496409,1.0323492163235775,1.0529254601755236,Up
2022-10-27 11:59:59.999,20562.77,20598.01,20248.9,20570.83,358.283533,9791,1.0030635063863556,1.0319895784194673,1.0529377976398322,Neutral
2022-10-27 12:59:59.999,20571.15,20638.93,20548.64,20581.93,330.568305,9024,1.0027837844155838,1.0318186336009798,1.053151854828822,Neutral
2022-10-27 13:59:59.999,20582.89,20597.16,20551.16,20581.05,285.060823,8157,1.001989475674558,1.0310541524446608,1.0527393781381658,Neutral
2022-10-27 14:59:59.999,20577.8,20677.79,20577.8,20625.22,320.588248,9112,1.003643813476084,1.0325244588793523,1.054614539927806,Neutral
2022-10-27 15:59:59.999,20626.52,20637.52,20135.15,20395.36,429.676999,11539,0.9923461901016035,1.0203957780945572,1.042532995484657,Neutral
2022-10-27 16:59:59.999,20396.18,20412.69,20323.01,20407.06,324.077601,8559,0.9927834531453271,1.0205033303455935,1.0427892893739181,Neutral
2022-10-27 17:59:59.999,20407.06,20422.8,20203.29,20270.92,351.045983,9608,0.986075053415893,1.0132736168526857,1.0355373467844329,Neutral
2022-10-27 18:59:59.999,20269.33,20340.87,20203.57,20292.93,352.094386,9448,0.9870810668403912,1.0139712813142037,1.0363899402179744,Neutral
2022-10-27 19:59:59.999,20292.93,20441.0,20086.57,20283.51,393.889069,9959,0.9864113256605951,1.0131019310801632,1.0356164736904505,Neutral
2022-10-27 20:59:59.999,20284.38,20858.38,20232.57,20321.56,358.007495,8859,0.9880300499495448,1.0146055334275028,1.0372577266227452,Neutral
2022-10-27 21:59:59.999,20321.59,20560.48,20068.45,20223.03,361.596166,9306,0.9831814717332125,1.0093688234398581,1.03195561951395,Neutral
2022-10-27 22:59:59.999,20223.34,20922.63,20207.58,20292.88,326.792681,8326,0.9865201647605855,1.0124900943850612,1.0352388528066447,Neutral
2022-10-27 23:59:59.999,20292.82,20305.86,20245.01,20252.52,288.701245,7355,0.9845180969390198,1.0101065921378896,1.0329012367001889,Neutral
2022-10-28 00:59:59.999,20252.39,20291.74,20220.93,20288.99,356.09326,8449,0.9862541123836946,1.011483380617924,1.0344726359635388,Down
2022-10-28 01:59:59.999,20287.46,20388.92,20256.53,20258.56,315.446935,8106,0.984722207909952,1.0095422376251424,1.0326271387911194,Neutral
2022-10-28 02:59:59.999,20258.68,20262.91,20064.5,20081.77,386.523021,9539,0.9762283961540731,1.0003885379825581,1.0233658106302,Up
2022-10-28 03:59:59.999,20080.54,20205.4,20032.93,20182.88,399.67549,9844,0.981175599352221,1.0050012691932395,1.0282014569542834,Neutral
2022-10-28 04:59:59.999,20182.9,20259.5,20154.0,20202.15,350.540061,8865,0.9822495759880512,1.0055267424824816,1.028880230040266,Down
2022-10-28 05:59:59.999,20202.15,20350.9,20000.0,20176.07,363.273198,9941,0.9814512391265349,1.0037877882365562,1.0272606725908893,Neutral
2022-10-28 06:59:59.999,20176.26,20350.9,20110.61,20174.27,343.798354,9753,0.9817650125356098,1.0032741438851418,1.0268741257526952,Up
2022-10-28 07:59:59.999,20174.56,20277.0,20000.0,20210.77,401.963161,10402,0.9839778194435314,1.0046543350020547,1.0284616764744046,Up
2022-10-28 08:59:59.999,20209.15,20578.86,20188.2,20467.15,425.645085,11291,0.9965964632327939,1.0168505917155648,1.0411565236753175,Neutral
2022-10-28 09:59:59.999,20467.15,20598.4,20000.0,20500.5,388.159246,10700,0.9982673520515486,1.0179523737918932,1.0424904205984697,Neutral
2022-10-28 10:59:59.999,20497.02,21706.44,20000.0,20483.4,437.710918,11278,0.9975027903284431,1.0165679876827896,1.0412666932003265,Neutral
2022-10-28 11:59:59.999,20482.46,20744.8,20450.68,20705.24,398.454863,10660,1.0084310678654214,1.0268985429105972,1.052118137233752,Neutral
2022-10-28 12:59:59.999,20703.92,20733.27,20626.04,20628.58,368.515304,9707,1.0049024493579553,1.0224481173593105,1.0478387388200183,Neutral
2022-10-28 13:59:59.999,20628.61,20664.47,20572.15,20629.07,382.180526,9656,1.0050549968184166,1.0217878265297935,1.0474841130676584,Neutral
2022-10-28 14:59:59.999,20629.82,20631.8,20525.01,20606.55,375.400639,9479,1.0041683129467494,1.0200133645607028,1.0459695218169542,Neutral
2022-10-28 15:59:59.999,20605.19,20685.03,20605.19,20677.95,187.92372,4704,1.0076662545156503,1.022836434287606,1.0491832767331293,Neutral
